class_id,class_name,precision,recall,f1,support
0,0,0.9955947136563876,0.15157612340710933,0.2630966239813737,1491
1,1,0.302261445118588,0.9981785063752276,0.4640135478408129,549
