class_id,class_name,precision,recall,f1,support
0,0,0.9748603351955307,0.2340710932260228,0.3775013520822066,1491
1,1,0.3210463733650416,0.9836065573770492,0.48408785298072615,549
